Name,P,N
sachitha,42.857142857142854,57.142857142857146
sachitha,75.0,25.0
sachitha,62.5,37.5
